"","logFC","AveExpr","t","P.Value","adj.P.Val","B"
"ABCA3",2.03,2.095,33.789,0,0,362.021
"NLGN2",0.873,3.068,14.827,0,0,90.94
"PNMA1",0.754,4.839,13.441,0,0,74.95
"CNTNAP1",0.777,2.422,13.046,0,0,70.587
"PLPPR2",0.693,3.991,13.028,0,0,70.382
"TMOD1",0.811,1.289,12.496,0,0,64.654
"LAMB2",0.745,5.537,12.477,0,0,64.45
"NFIC",0.692,4.872,12.443,0,0,64.093
"CACNA1H",0.985,3.014,12.406,0,0,63.698
"DPYSL2",0.767,5.062,12.296,0,0,62.54
"BOC",0.882,1.706,12.289,0,0,62.472
"PSD",0.896,1.688,12.114,0,0,60.645
"ATP8B2",0.724,2.816,12.087,0,0,60.356
"PDZD4",0.633,0.936,12.062,0,0,60.099
"FLNC",1.448,3.666,11.954,0,0,58.986
"NFATC1",0.626,1.925,11.928,0,0,58.726
"FGFR1",0.802,3.034,11.918,0,0,58.621
"ITGA7",0.826,2.93,11.907,0,0,58.51
"EBF4",0.74,2.399,11.868,0,0,58.111
"KANK2",0.73,4.523,11.843,0,0,57.852
"GRIK5",0.606,0.81,11.83,0,0,57.722
"NIBAN1",0.939,2.86,11.819,0,0,57.606
"AOC3",1.135,3.748,11.771,0,0,57.115
"CAVIN1",0.919,6.43,11.759,0,0,56.997
"TGFB1I1",0.789,4.153,11.734,0,0,56.743
"TLN1",0.613,6.72,11.719,0,0,56.587
"FLNA",1.129,7.573,11.704,0,0,56.44
"PBX3",0.626,3.343,11.703,0,0,56.429
"REEP2",0.686,1.285,11.689,0,0,56.29
"SYNC",0.741,1.371,11.673,0,0,56.121
"NAT2",-1.111,2.584,-11.63,0,0,55.694
"MRAS",0.647,2.405,11.627,0,0,55.656
"CBX6",0.846,3.639,11.617,0,0,55.555
"ZBTB47",0.601,3.385,11.572,0,0,55.107
"CLIP3",0.822,3.316,11.551,0,0,54.896
"THBS4",1.548,2.347,11.536,0,0,54.75
"SAMD4A",0.59,2.138,11.534,0,0,54.723
"ACTN1",0.586,6.413,11.527,0,0,54.655
"SPEG",0.777,1.099,11.522,0,0,54.61
"EHD2",0.889,5.434,11.491,0,0,54.299
"LIX1L",0.653,3.665,11.474,0,0,54.125
"TACR2",1.25,1.869,11.391,0,0,53.3
"TNS2",0.633,3.896,11.344,0,0,52.836
"GNAO1",0.774,1.203,11.336,0,0,52.752
"TNS1",1.105,4.194,11.32,0,0,52.6
"DACT3",0.79,1.848,11.239,0,0,51.802
"HSPB7",1.273,2.254,11.225,0,0,51.66
"SSC5D",0.992,2.506,11.163,0,0,51.06
"CADM3",0.674,0.767,11.161,0,0,51.036
"SRPX",0.909,2.855,11.13,0,0,50.731
"JPH2",0.976,1.765,11.122,0,0,50.657
"WNT9A",0.707,1.393,11.114,0,0,50.574
"PPP1R14D",-1.214,5.732,-11.092,0,0,50.365
"PDLIM7",0.746,5.228,11.091,0,0,50.352
"ATP1A2",0.812,0.796,11.077,0,0,50.221
"JAM3",0.642,3.155,11.055,0,0,50.008
"PLEKHO1",0.677,3.538,11.039,0,0,49.852
"GYPC",0.751,3.259,11.038,0,0,49.844
"DNAJB5",0.694,1.977,11.038,0,0,49.836
"CTXN1",1.059,2.996,11.036,0,0,49.819
"LRRC19",-1.04,2.918,-11,0,0,49.469
"POPDC2",0.783,1.861,10.995,0,0,49.428
"LDB3",0.731,0.807,10.989,0,0,49.369
"CASQ2",1.013,1.112,10.943,0,0,48.927
"RBPMS2",0.995,2.352,10.923,0,0,48.727
"RNF150",0.647,1.081,10.921,0,0,48.714
"ANGPTL1",0.923,1.139,10.917,0,0,48.677
"ACE2",-1.407,3.841,-10.895,0,0,48.461
"KCNMB1",0.924,1.93,10.891,0,0,48.424
"MAP1A",0.701,2.284,10.877,0,0,48.293
"ARHGEF25",0.758,2.503,10.877,0,0,48.289
"ATP2B4",0.748,4.443,10.871,0,0,48.234
"EPB41L4B",-0.642,4.669,-10.871,0,0,48.232
"MRGPRF",1.031,3.318,10.831,0,0,47.852
"PDZRN4",0.63,0.626,10.822,0,0,47.769
"NXN",0.782,3.189,10.806,0,0,47.612
"ADAM33",0.734,1.424,10.801,0,0,47.566
"C10orf99",-1.612,5.146,-10.784,0,0,47.402
"TNXB",0.779,1.521,10.773,0,0,47.298
"SYT11",0.657,2.911,10.761,0,0,47.18
"ENO2",0.768,3.899,10.755,0,0,47.131
"SGK2",-0.965,3.497,-10.753,0,0,47.104
"CPXM2",1.04,2.627,10.747,0,0,47.053
"CILP",1.043,1.464,10.696,0,0,46.572
"FAM20C",0.754,4.234,10.68,0,0,46.42
"ARHGEF17",0.598,3.309,10.674,0,0,46.362
"SULT1B1",-1.192,3.594,-10.647,0,0,46.101
"SLIT3",0.759,1.985,10.627,0,0,45.921
"RASA3",0.681,3.974,10.619,0,0,45.839
"PTPRS",0.78,2.49,10.616,0,0,45.819
"FSTL3",0.859,4.409,10.614,0,0,45.792
"SYNM",1.373,2.792,10.556,0,0,45.254
"SGCA",0.834,1.474,10.551,0,0,45.209
"NIPAL1",-0.625,3.4,-10.511,0,0,44.833
"HAND2",1.048,1.377,10.501,0,0,44.741
"CNN1",1.545,4.874,10.491,0,0,44.646
"FXYD6",0.788,2.51,10.484,0,0,44.579
"COLEC12",0.724,1.696,10.467,0,0,44.418
"GAS1",1.117,2.544,10.457,0,0,44.327
"PLIN4",1.155,1.416,10.436,0,0,44.132
"C14orf132",0.655,1.693,10.425,0,0,44.031
"VAV3",-1.047,4.092,-10.409,0,0,43.884
"TGFB1",0.732,5.519,10.401,0,0,43.81
"LMOD1",1.256,3.83,10.371,0,0,43.534
"DEPP1",0.877,5.014,10.368,0,0,43.505
"DAAM2",0.634,2.233,10.359,0,0,43.423
"FBXL16",0.902,2.209,10.327,0,0,43.126
"SOBP",0.586,1.618,10.307,0,0,42.941
"MAP1B",0.733,2.484,10.305,0,0,42.922
"TUBB6",0.719,4.384,10.295,0,0,42.837
"SHISAL1",0.643,1.04,10.287,0,0,42.757
"HSPB6",1.507,3.943,10.27,0,0,42.602
"TSPAN4",0.589,3.314,10.249,0,0,42.41
"KCNMA1",0.883,1.537,10.247,0,0,42.397
"MXRA7",0.691,3.813,10.245,0,0,42.374
"FBXO32",0.804,4.009,10.241,0,0,42.341
"A1CF",-0.836,2.497,-10.218,0,0,42.127
"RGMA",0.853,1.646,10.195,0,0,41.924
"SYNPO2",1.298,2.987,10.192,0,0,41.891
"LTBP3",0.711,4.359,10.184,0,0,41.824
"TCEAL2",0.824,0.883,10.181,0,0,41.793
"LAYN",0.635,2.399,10.138,0,0,41.405
"FHL1",1.017,3.759,10.126,0,0,41.292
"C7",1.276,2.226,10.117,0,0,41.21
"CHRM2",0.652,0.517,10.113,0,0,41.178
"TSPAN6",-0.712,5.883,-10.108,0,0,41.134
"NCS1",0.727,4.015,10.107,0,0,41.12
"NRP2",0.721,3.012,10.101,0,0,41.067
"RNF43",-0.872,5.839,-10.101,0,0,41.065
"NR1I2",-0.952,3.747,-10.088,0,0,40.954
"PRELP",1.226,2.959,10.087,0,0,40.944
"CLMP",0.818,2.815,10.058,0,0,40.677
"MAMDC2",0.685,0.967,10.054,0,0,40.642
"AMOTL1",0.679,2.716,10.039,0,0,40.507
"TAGLN",1.161,6.83,10.012,0,0,40.267
"RAMP1",1.28,4.456,10.012,0,0,40.264
"CFTR",-1.121,4.957,-10.01,0,0,40.246
"CSRP1",0.634,6.006,10.009,0,0,40.244
"PDLIM3",0.889,3.173,9.997,0,0,40.136
"CHRDL1",1.142,2.011,9.982,0,0,40
"LTBP4",0.708,5.565,9.972,0,0,39.912
"CYP1B1",0.986,1.97,9.96,0,0,39.806
"AKT3",0.601,2.364,9.958,0,0,39.781
"ROR2",0.799,2.385,9.943,0,0,39.65
"SPARCL1",1.002,5.933,9.917,0,0,39.419
"METRN",0.809,3.662,9.912,0,0,39.371
"HHLA2",-1.107,3.904,-9.885,0,0,39.134
"CHRNA3",0.718,1.003,9.881,0,0,39.098
"HSPB8",1.002,3.151,9.87,0,0,38.997
"DDR2",0.808,2.814,9.861,0,0,38.918
"GPR160",-0.74,5.529,-9.848,0,0,38.811
"CCDC80",1.052,3.341,9.845,0,0,38.784
"GGT5",0.716,3.522,9.842,0,0,38.758
"AKAP12",0.926,3.067,9.841,0,0,38.748
"SLC22A17",0.617,2.236,9.831,0,0,38.656
"SFRP1",0.98,1.458,9.821,0,0,38.566
"COL6A2",0.87,7.579,9.811,0,0,38.479
"MYH11",1.58,4.661,9.801,0,0,38.388
"GLIS2",0.668,3.352,9.783,0,0,38.23
"FABP1",-1.853,6.197,-9.773,0,0,38.144
"MYLK",0.985,3.708,9.771,0,0,38.128
"SCRG1",0.622,0.599,9.762,0,0,38.051
"SLIT2",0.664,1.319,9.754,0,0,37.976
"TINAG",-0.901,2.523,-9.737,0,0,37.83
"MEOX2",0.697,1.116,9.729,0,0,37.758
"P3H3",0.661,3.396,9.728,0,0,37.746
"APOBEC1",-1.04,3.221,-9.724,0,0,37.712
"CCDC69",0.718,3.589,9.722,0,0,37.698
"AHNAK2",0.941,2.465,9.713,0,0,37.62
"ABI3BP",0.753,1.693,9.712,0,0,37.612
"PRDM8",0.618,1.401,9.712,0,0,37.61
"MSRB3",0.86,3.234,9.712,0,0,37.61
"KCNE4",0.641,2.17,9.706,0,0,37.553
"LGI2",0.617,1.657,9.688,0,0,37.403
"MYL9",1.064,7.335,9.685,0,0,37.372
"CSPG4",0.7,3.276,9.669,0,0,37.235
"NTN1",0.721,2.094,9.665,0,0,37.203
"PALM",0.717,2.462,9.665,0,0,37.195
"STXBP1",0.726,4.036,9.659,0,0,37.145
"ABLIM3",0.652,2.145,9.654,0,0,37.103
"CARTPT",0.802,0.754,9.639,0,0,36.972
"PRIMA1",0.711,0.94,9.636,0,0,36.947
"FBLN5",0.705,3.543,9.608,0,0,36.699
"PTGIS",1.03,2.509,9.604,0,0,36.668
"CAVIN3",0.74,5.022,9.589,0,0,36.542
"STON1",0.598,1.676,9.559,0,0,36.282
"S1PR3",0.595,2.511,9.533,0,0,36.056
"ASB2",0.736,1.824,9.519,0,0,35.932
"CYP2J2",-0.66,4.283,-9.518,0,0,35.923
"CFL2",0.626,2.646,9.508,0,0,35.839
"TUBA1A",0.735,5.915,9.505,0,0,35.812
"ITGA5",0.744,4.869,9.494,0,0,35.718
"HEG1",0.627,3.696,9.492,0,0,35.706
"RSPO3",0.858,2.055,9.489,0,0,35.679
"BCHE",0.605,0.762,9.481,0,0,35.606
"ACTG2",1.499,5.733,9.48,0,0,35.599
"TGFB3",0.762,2.604,9.47,0,0,35.517
"SLC39A5",-1.205,5.249,-9.466,0,0,35.476
"CYP2B6",-1.255,3.626,-9.464,0,0,35.458
"PALLD",0.706,5.131,9.457,0,0,35.4
"PODN",0.888,3.67,9.428,0,0,35.154
"ADGRA2",0.656,3.896,9.424,0,0,35.122
"MYOC",0.679,0.554,9.422,0,0,35.104
"COL6A1",0.791,7.25,9.399,0,0,34.904
"ACTA2",0.943,7.308,9.374,0,0,34.698
"PER1",0.606,3.593,9.371,0,0,34.671
"MYADM",0.637,6.773,9.368,0,0,34.643
"CHST15",0.636,3.12,9.359,0,0,34.565
"SPON1",1.116,4.167,9.358,0,0,34.557
"DBN1",0.668,4.689,9.357,0,0,34.548
"IYD",-0.781,3.058,-9.356,0,0,34.54
"ACKR1",1.059,3.056,9.345,0,0,34.445
"TPM2",0.914,6.339,9.339,0,0,34.4
"SERPING1",0.862,6.449,9.317,0,0,34.214
"C1R",0.774,6.032,9.307,0,0,34.128
"AXL",0.648,4.196,9.307,0,0,34.123
"PPARG",-0.623,5.081,-9.304,0,0,34.101
"C3orf85",-0.722,1.466,-9.301,0,0,34.078
"GADD45B",0.595,4.913,9.299,0,0,34.056
"FERMT2",0.679,3.161,9.284,0,0,33.935
"WWTR1",0.655,3.621,9.284,0,0,33.928
"CRYAB",0.849,3.289,9.282,0,0,33.918
"NEXN",0.84,2.904,9.28,0,0,33.894
"GUCY1A1",0.773,2.946,9.274,0,0,33.846
"EVC",0.605,2.075,9.269,0,0,33.803
"MN1",0.662,1.937,9.267,0,0,33.793
"LHFPL6",0.674,4.358,9.265,0,0,33.774
"PLA2G4F",-0.781,2.941,-9.256,0,0,33.693
"EMILIN1",0.826,5.825,9.223,0,0,33.423
"PLN",1.117,2.924,9.208,0,0,33.295
"PMP22",0.66,5.429,9.208,0,0,33.294
"NGFR",0.822,1.455,9.202,0,0,33.246
"GGH",-0.828,6.134,-9.197,0,0,33.199
"HSPG2",0.729,5.654,9.189,0,0,33.135
"ADAMTS1",0.663,3.373,9.17,0,0,32.979
"MRVI1",0.727,3.336,9.169,0,0,32.966
"CACNA1C",0.602,1.736,9.165,0,0,32.932
"SYNGR3",0.644,1.624,9.12,0,0,32.556
"CHRDL2",1.198,2.786,9.109,0,0,32.466
"MORN5",0.619,0.536,9.101,0,0,32.398
"ZEB1",0.606,2.918,9.079,0,0,32.221
"DES",1.931,5.833,9.06,0,0,32.058
"TNC",1.029,4.784,9.045,0,0,31.939
"CAV1",0.704,4.869,9.019,0,0,31.725
"C8orf88",0.625,1.249,9.017,0,0,31.705
"EFEMP2",0.626,3.95,9,0,0,31.57
"PPP1R12B",0.787,3.225,8.99,0,0,31.484
"SLC4A3",0.598,1.295,8.984,0,0,31.437
"OGN",1.072,1.85,8.979,0,0,31.397
"PGM5",0.95,2.143,8.977,0,0,31.378
"ADCY5",0.707,1.54,8.973,0,0,31.35
"COPZ2",0.62,3.117,8.964,0,0,31.273
"TWIST2",0.606,1.759,8.96,0,0,31.24
"MGP",1.072,5.785,8.958,0,0,31.221
"CAP2",0.604,2.329,8.957,0,0,31.213
"SLC27A2",-0.625,4.41,-8.946,0,0,31.124
"ECRG4",0.835,1.104,8.945,0,0,31.116
"SVIL",0.631,4.521,8.939,0,0,31.067
"ANGPTL2",0.797,5.063,8.929,0,0,30.985
"CAVIN2",0.718,2.92,8.918,0,0,30.901
"DPYSL3",0.903,4.867,8.904,0,0,30.786
"LDOC1",0.68,3.14,8.901,0,0,30.762
"MYB",-0.644,4.798,-8.89,0,0,30.668
"ANXA6",0.616,5.691,8.888,0,0,30.653
"HEYL",0.595,3.645,8.884,0,0,30.619
"AMACR",-0.61,3.162,-8.873,0,0,30.532
"CASP5",-0.813,2.548,-8.867,0,0,30.48
"SPOCK1",0.964,2.738,8.859,0,0,30.419
"LIMS2",0.689,2.829,8.831,0,0,30.195
"GEM",0.674,4.639,8.815,0,0,30.061
"ANKRD40CL",-0.734,2.773,-8.798,0,0,29.922
"GFPT2",0.704,2.149,8.797,0,0,29.915
"LOXL1",0.638,3.988,8.769,0,0,29.689
"MYOCD",0.658,1.353,8.744,0,0,29.489
"DDC",-0.968,5.141,-8.743,0,0,29.479
"ATP10B",-0.879,4.939,-8.725,0,0,29.335
"PTPRU",0.835,3.048,8.723,0,0,29.32
"TMEM45B",-0.656,6.765,-8.717,0,0,29.27
"CDX2",-0.941,6.122,-8.65,0,0,28.739
"VWF",0.662,4.897,8.647,0,0,28.717
"OVOL1",-0.626,4.249,-8.646,0,0,28.707
"TDGF1",-0.874,2.871,-8.644,0,0,28.69
"FNBP1",0.592,4.064,8.634,0,0,28.611
"DUOXA2",-1.467,3.641,-8.619,0,0,28.492
"CD109",0.71,2.052,8.615,0,0,28.464
"KLF9",0.606,3.949,8.615,0,0,28.461
"COL14A1",0.82,3.564,8.589,0,0,28.255
"PI16",0.788,1.154,8.587,0,0,28.24
"ID1",-0.921,7.864,-8.585,0,0,28.223
"FSCN1",0.793,5.36,8.577,0,0,28.159
"LGALS1",0.646,8.449,8.575,0,0,28.147
"GGT6",-1.072,4.763,-8.565,0,0,28.069
"ISLR",0.95,5.729,8.562,0,0,28.042
"NPTXR",0.73,1.85,8.553,0,0,27.971
"TIMP2",0.74,6.522,8.547,0,0,27.924
"CALD1",0.838,5.874,8.524,0,0,27.748
"SOX8",0.753,1.281,8.514,0,0,27.664
"GAA",0.585,5.342,8.513,0,0,27.658
"EMP3",0.601,5.04,8.508,0,0,27.623
"SFRP2",1.602,5.091,8.506,0,0,27.604
"ITGAM",0.625,2.247,8.493,0,0,27.502
"MXRA8",0.748,5.38,8.462,0,0,27.258
"CEACAM7",-1.52,5.14,-8.417,0,0,26.908
"RNF186",-1.032,4.455,-8.417,0,0,26.907
"MYH10",0.605,3.248,8.395,0,0,26.738
"METTL7B",-0.613,5.615,-8.395,0,0,26.737
"AEBP1",0.9,6.649,8.382,0,0,26.639
"C1QTNF1",0.602,4.566,8.375,0,0,26.585
"NOX1",-1.069,5.568,-8.37,0,0,26.545
"SATB2",-0.636,3.693,-8.363,0,0,26.493
"CRISPLD2",0.617,4.012,8.347,0,0,26.366
"INMT",0.597,2.421,8.345,0,0,26.351
"MEGF6",0.648,2.967,8.333,0,0,26.257
"DUOX2",-1.423,4.237,-8.327,0,0,26.216
"RBP2",-1.248,2.815,-8.326,0,0,26.208
"GREM1",1.028,4.298,8.313,0,0,26.108
"MFAP4",0.964,5.78,8.279,0,0,25.85
"TTPA",-0.696,2.055,-8.273,0,0,25.799
"OLFM4",-2.112,8.259,-8.233,0,0,25.492
"CXCR4",0.722,5.51,8.229,0,0,25.462
"PDZRN3",0.643,3.025,8.226,0,0,25.444
"QPRT",-1.047,4.862,-8.212,0,0,25.334
"TGFBR3",0.602,2.915,8.207,0,0,25.297
"PDGFRL",0.622,1.735,8.204,0,0,25.277
"TRABD2A",-0.662,4.357,-8.203,0,0,25.264
"COL8A2",0.646,2.662,8.194,0,0,25.195
"SMYD1",0.588,0.476,8.165,0,0,24.98
"SCARF2",0.656,3.373,8.16,0,0,24.942
"FGF7",0.639,1.869,8.159,0,0,24.933
"KRT20",-1.452,6.708,-8.144,0,0,24.82
"CPED1",0.606,2.191,8.131,0,0,24.726
"TENT5B",0.643,1.663,8.127,0,0,24.691
"GRM8",-0.755,1.808,-8.114,0,0,24.598
"VIM",0.594,7.36,8.102,0,0,24.502
"BGN",0.838,8.186,8.091,0,0,24.42
"CERCAM",0.642,3.972,8.09,0,0,24.411
"PNMA2",0.625,1.489,8.089,0,0,24.405
"MAFB",0.635,3.973,8.081,0,0,24.344
"SERPINF1",0.707,5.542,8.071,0,0,24.269
"GUCY2C",-0.901,5.082,-8.07,0,0,24.265
"LY6G6D",-1.316,2.968,-8.056,0,0,24.164
"EPS8L3",-0.596,6.683,-8.049,0,0,24.106
"NNMT",0.699,4.947,8.036,0,0,24.014
"CAPN13",-0.686,2.083,-8.023,0,0,23.912
"LRRC31",-0.703,3.042,-8.02,0,0,23.889
"LRATD1",-0.781,5.562,-8.013,0,0,23.84
"SCARA3",0.662,2.905,8.01,0,0,23.818
"FBN1",0.711,3.964,7.968,0,0,23.503
"KCTD12",0.712,4.807,7.967,0,0,23.498
"PRR15",-0.608,6.793,-7.959,0,0,23.437
"IGFBP6",0.668,4.288,7.948,0,0,23.355
"PDGFRB",0.622,5.376,7.933,0,0,23.246
"FBLN2",0.863,4.284,7.932,0,0,23.243
"MRC2",0.641,4.512,7.922,0,0,23.165
"POU5F1B",-0.609,1.675,-7.921,0,0,23.156
"SPINK1",-1.183,7.599,-7.915,0,0,23.111
"ZCCHC24",0.632,3.84,7.915,0,0,23.111
"FNDC1",0.96,3.57,7.904,0,0,23.031
"BCL2L15",-0.675,4.353,-7.897,0,0,22.983
"OMD",0.659,1.214,7.897,0,0,22.982
"COL15A1",0.672,5.209,7.894,0,0,22.962
"AXIN2",-0.822,5.248,-7.893,0,0,22.956
"SELP",0.634,2.046,7.885,0,0,22.897
"CCL20",-1.068,6.178,-7.883,0,0,22.877
"EFEMP1",0.811,4.389,7.882,0,0,22.874
"LY6G6F-LY6G6D",-1.109,2.445,-7.843,0,0,22.584
"ADTRP",-0.924,2.561,-7.823,0,0,22.439
"CTSF",0.62,3.919,7.8,0,0,22.275
"CSF1R",0.654,4.084,7.797,0,0,22.249
"AIFM3",-0.656,2.971,-7.789,0,0,22.193
"TIMP3",0.645,2.606,7.776,0,0,22.102
"PRAP1",-1.247,6.251,-7.75,0,0,21.913
"HCST",0.633,3.468,7.749,0,0,21.907
"OXCT1",0.618,3.954,7.738,0,0,21.823
"IGFBP5",0.824,6.866,7.694,0,0,21.506
"CLDN5",0.614,2.966,7.683,0,0,21.428
"CD37",0.638,3.18,7.673,0,0,21.356
"CXCL12",0.62,3.423,7.657,0,0,21.241
"PPP1R14C",-0.842,3.539,-7.655,0,0,21.232
"C1S",0.695,6.098,7.651,0,0,21.199
"VIL1",-0.706,6.581,-7.645,0,0,21.156
"CTF1",0.608,2.136,7.644,0,0,21.151
"TRIM7",0.671,1.365,7.641,0,0,21.129
"A2M",0.623,7.145,7.633,0,0,21.071
"MEP1A",-1.124,4.848,-7.618,0,0,20.962
"OLFML2B",0.675,4.434,7.618,0,0,20.962
"ARL14",-0.773,4.078,-7.607,0,0,20.886
"ADGRF4",-0.655,2.274,-7.605,0,0,20.873
"ADH1B",0.803,1.522,7.6,0,0,20.839
"ERP27",-0.774,2.257,-7.595,0,0,20.8
"COL8A1",0.788,3.526,7.591,0,0,20.773
"PRSS8",-0.589,7.653,-7.589,0,0,20.756
"PTPRD",-0.655,2.282,-7.564,0,0,20.581
"CYBRD1",0.683,4.567,7.54,0,0,20.412
"MGST1",-0.6,5.195,-7.525,0,0,20.304
"CCN2",0.643,7.198,7.514,0,0,20.227
"CEBPA",-0.642,5.283,-7.491,0,0,20.067
"CLU",0.848,4.897,7.463,0,0,19.873
"COL6A3",0.722,5.928,7.441,0,0,19.715
"DPEP1",-1.284,5.769,-7.436,0,0,19.684
"PCOLCE",0.597,5.04,7.413,0,0,19.52
"LTBP1",0.592,4.662,7.407,0,0,19.48
"SELENBP1",-0.752,6.756,-7.406,0,0,19.476
"LTBP2",0.616,4.189,7.364,0,0,19.183
"PTGDS",0.831,4.163,7.359,0,0,19.149
"C3",0.928,5.911,7.346,0,0,19.06
"RUBCNL",-0.775,4.003,-7.346,0,0,19.059
"XDH",-0.705,2.949,-7.344,0,0,19.049
"SHISA3",0.635,1.438,7.338,0,0,19.005
"FBLN1",0.831,5.082,7.292,0,0,18.686
"CCL19",1.026,3.154,7.287,0,0,18.654
"ISX",-0.834,2.913,-7.266,0,0,18.508
"MAB21L2",0.629,2.024,7.253,0,0,18.424
"SORBS1",0.705,3.868,7.252,0,0,18.415
"KLF2",0.601,5.207,7.252,0,0,18.412
"HKDC1",-0.625,5.132,-7.24,0,0,18.337
"CDHR1",-0.859,3.277,-7.238,0,0,18.32
"HSD11B2",-0.63,6.176,-7.213,0,0,18.154
"TSPAN2",0.634,2.867,7.193,0,0,18.016
"STX19",-0.628,3.49,-7.189,0,0,17.989
"CFD",0.827,5.056,7.179,0,0,17.918
"SNCG",0.605,2.408,7.165,0,0,17.824
"MOGAT3",-0.754,3.891,-7.165,0,0,17.824
"ISM1",0.648,1.755,7.164,0,0,17.82
"GPX2",-0.642,9.911,-7.144,0,0,17.687
"GYG2",-0.602,3.5,-7.131,0,0,17.599
"KRT23",-1.288,4.215,-7.13,0,0,17.593
"FGFR3",-0.716,4.094,-7.113,0,0,17.477
"RAB31",0.6,4.65,7.097,0,0,17.369
"GPA33",-0.889,6.241,-7.093,0,0,17.345
"GPR143",-0.741,2.467,-7.083,0,0,17.279
"TNNT1",0.81,1.453,7.078,0,0,17.243
"F13A1",0.742,2.711,7.046,0,0,17.033
"SLC3A1",-0.678,2.22,-7.018,0,0,16.842
"CCL21",1.05,4.976,7.014,0,0,16.817
"CD24",-0.679,9.509,-6.986,0,0,16.634
"ACSL6",-0.633,1.457,-6.985,0,0,16.63
"SCG2",0.591,1.775,6.974,0,0,16.552
"AREG",-0.839,6.265,-6.968,0,0,16.517
"PLA2G12B",-0.977,2.095,-6.962,0,0,16.477
"TMPRSS13",-0.653,2.001,-6.961,0,0,16.471
"COL5A1",0.638,5.916,6.928,0,0,16.252
"SFRP4",1.1,4.373,6.928,0,0,16.252
"FABP4",0.794,1.55,6.916,0,0,16.178
"UCHL1",0.675,2.44,6.905,0,0,16.105
"ENPP3",-0.774,2.049,-6.859,0,0,15.803
"SULF1",0.781,5.388,6.842,0,0,15.693
"PRRX1",0.61,2.764,6.832,0,0,15.628
"UNC5CL",-0.631,3.906,-6.825,0,0,15.582
"AQP1",0.661,5.747,6.824,0,0,15.579
"DCN",0.686,5.2,6.82,0,0,15.551
"DACH1",-0.658,3.48,-6.809,0,0,15.479
"MFAP5",0.692,2.544,6.76,0,0,15.164
"CCL28",-0.723,3.632,-6.722,0,0,14.921
"SLC26A3",-1.229,4.187,-6.712,0,0,14.863
"IHH",-0.804,5.957,-6.706,0,0,14.823
"UGT2A3",-0.969,2.4,-6.69,0,0,14.719
"MAOB",0.726,2.975,6.685,0,0,14.689
"ITGB2",0.614,4.329,6.683,0,0,14.679
"GPX3",0.593,4.64,6.68,0,0,14.656
"FOLR2",0.651,3.371,6.657,0,0,14.512
"LCN2",-1.119,9.212,-6.655,0,0,14.501
"EREG",-0.921,3.173,-6.643,0,0,14.428
"THBS2",0.866,5.328,6.633,0,0,14.364
"BTNL3",-0.764,2.87,-6.631,0,0,14.348
"COMP",0.983,3.088,6.622,0,0,14.293
"SLC51B",-0.67,2.938,-6.617,0,0,14.263
"DPT",0.768,2.939,6.603,0,0,14.173
"CD163",0.63,3.207,6.547,0,0,13.824
"PPP1R14A",0.6,3.587,6.544,0,0,13.804
"KCNH2",0.629,2.873,6.514,0,0,13.618
"PLCB4",-0.719,4.771,-6.504,0,0,13.556
"HTRA3",0.625,5.154,6.503,0,0,13.549
"COL1A1",0.758,9.236,6.498,0,0,13.52
"ADH6",-0.644,2.12,-6.493,0,0,13.49
"VIP",0.835,2.164,6.486,0,0,13.446
"TBX10",-0.665,1.979,-6.459,0,0,13.281
"SECTM1",0.602,4.399,6.443,0,0,13.186
"SLC15A1",-0.667,1.615,-6.421,0,0,13.046
"COL3A1",0.699,9.147,6.411,0,0,12.99
"TMEM238L",-0.658,4.421,-6.361,0,0,12.681
"AKR1C3",-0.654,5.063,-6.337,0,0,12.54
"GGT1",-0.632,3.558,-6.314,0,0,12.402
"ASPN",0.772,4.272,6.311,0,0,12.38
"ADGRG7",-0.728,2.154,-6.304,0,0,12.34
"COL1A2",0.676,8.321,6.298,0,0,12.307
"FABP6",-0.772,3.474,-6.291,0,0,12.264
"MMP2",0.651,6.919,6.271,0,0,12.144
"HMGCS2",-1.195,5.958,-6.264,0,0,12.101
"C15orf48",-0.712,7.023,-6.259,0,0,12.07
"LYPD8",-0.891,3.098,-6.231,0,0,11.903
"ELN",0.637,4.389,6.219,0,0,11.834
"FN1",0.805,6.912,6.192,0,0,11.674
"CPA6",-0.6,1.267,-6.181,0,0,11.612
"PHGR1",-1.063,7.598,-6.158,0,0,11.473
"VSIG4",0.61,3.538,6.15,0,0,11.426
"PTPRO",-0.685,3.067,-6.149,0,0,11.42
"ANTXR1",0.617,5.029,6.14,0,0,11.368
"CLRN3",-0.593,6.157,-6.124,0,0,11.274
"CHP2",-0.909,3.278,-6.091,0,0,11.082
"STMN3",0.669,4.705,6.091,0,0,11.081
"CXCL3",-0.68,5.274,-6.07,0,0,10.963
"CEACAM5",-0.876,10.094,-6.031,0,0,10.738
"AKR1B10",-1.016,4.259,-6.024,0,0,10.697
"CYP4F2",-0.675,2.13,-6.018,0,0,10.658
"BARX1",0.599,1.87,5.997,0,0,10.539
"ANO1",0.585,4.192,5.982,0,0,10.456
"QPCT",-0.633,4.302,-5.98,0,0,10.442
"SLC19A3",-0.631,2.356,-5.965,0,0,10.356
"BST2",0.655,7.106,5.953,0,0,10.292
"FAM3B",-0.908,3.049,-5.937,0,0,10.196
"SIX2",0.638,1.523,5.926,0,0,10.138
"GPNMB",0.637,4.953,5.925,0,0,10.133
"ASCL2",-0.851,6.329,-5.924,0,0,10.124
"PRUNE2",0.67,2.917,5.923,0,0,10.118
"CCL5",0.615,4.982,5.892,0,0,9.945
"GJB1",-0.589,6.272,-5.862,0,0,9.774
"MOGAT2",-0.733,2.884,-5.851,0,0,9.713
"PDK4",0.587,3.736,5.84,0,0,9.649
"LRP4",-0.622,3.766,-5.823,0,0,9.554
"APOD",0.845,4.251,5.803,0,0,9.443
"MAP7D2",-0.704,1.987,-5.793,0,0,9.392
"NXPE4",-0.792,2.76,-5.785,0,0,9.346
"TNNC2",-0.803,3.955,-5.782,0,0,9.331
"UGT1A10",-0.599,1.835,-5.778,0,0,9.305
"TRNP1",0.662,4.093,5.76,0,0,9.205
"APOE",0.723,6.788,5.75,0,0,9.153
"EVX1",-0.614,1.721,-5.745,0,0,9.126
"CDX1",-0.819,6.89,-5.701,0,0,8.885
"RASSF10",-0.594,2.594,-5.699,0,0,8.872
"C4BPA",-0.674,2.332,-5.689,0,0,8.82
"GUCA2A",-0.901,3.85,-5.669,0,0,8.707
"MYO1A",-0.597,4.904,-5.647,0,0,8.591
"FGFBP1",-0.733,3.403,-5.642,0,0,8.564
"CDH17",-0.761,7.64,-5.618,0,0,8.431
"CEACAM6",-0.855,9.249,-5.608,0,0,8.38
"C11orf86",-0.692,2.014,-5.599,0,0,8.331
"SERPINE1",0.594,5.143,5.588,0,0,8.27
"CTHRC1",0.596,5.274,5.556,0,0,8.1
"DUSP4",0.609,3.865,5.552,0,0,8.08
"RETNLB",-0.807,2.683,-5.53,0,0,7.959
"MAB21L4",-0.61,3.244,-5.504,0,0,7.825
"CDHR2",-0.68,3.939,-5.493,0,0,7.767
"CEL",-0.96,3.118,-5.452,0,0,7.548
"S100A7",-0.8,1.203,-5.44,0,0,7.486
"SMIM24",-0.702,5.672,-5.429,0,0,7.43
"DEFB1",-0.75,3.555,-5.402,0,0,7.29
"CXCL14",-0.806,6.967,-5.399,0,0,7.275
"GPD1",-0.594,2.765,-5.31,0,0,6.816
"CLCA1",-1.145,3.337,-5.298,0,0,6.752
"SOD3",0.605,6.421,5.222,0,0,6.365
"FABP2",-0.658,2.185,-5.189,0,0,6.201
"LCN15",-0.866,1.63,-5.184,0,0,6.175
"FAM3D",-0.726,7.223,-5.181,0,0,6.161
"SLC39A2",-0.669,1.331,-5.18,0,0,6.156
"FOLR1",-0.762,2.472,-5.158,0,0,6.045
"GSTA1",-0.689,2.44,-5.106,0,0,5.788
"COL10A1",0.777,3.457,5.106,0,0,5.788
"MUC12",-0.673,3.38,-5.045,0,0,5.491
"CA4",-0.765,2.163,-4.947,0,0,5.019
"CYP2W1",-0.876,3.997,-4.855,0,0,4.582
"ZG16",-0.844,2.453,-4.787,0,0,4.263
"PI3",-0.882,7.5,-4.723,0,0,3.969
"SI",-0.639,1.983,-4.498,0,0,2.963
"ITLN1",-1.029,4.123,-4.495,0,0,2.95
"FIBCD1",0.612,2.111,4.49,0,0,2.927
"LEFTY1",-0.779,4.26,-4.32,0,0,2.199
"DUSP27",-0.837,2.327,-4.311,0,0,2.16
"CLCA4",-0.678,1.746,-4.228,0,0,1.818
"MAGEA3",-0.703,1.381,-4.224,0,0,1.799
"ADH1C",-0.728,4.203,-4.154,0,0,1.515
"UGT2B17",-0.71,2.492,-4.103,0,0,1.309
"DEFA6",-0.851,3.104,-4.047,0,0,1.086
"PIGR",-0.943,8.772,-3.928,0,0,0.626
"SPP1",0.65,6.121,3.879,0,0,0.438
"VSIG2",-0.679,4.685,-3.873,0,0,0.415
"FDCSP",0.605,2.423,3.846,0,0,0.312
"DEFA5",-0.87,3.026,-3.825,0,0,0.235
"NOTUM",-0.745,3.529,-3.789,0,0,0.1
"REG3A",-0.974,4.018,-3.767,0,0.001,0.018
"SPINK4",-0.598,5.508,-2.472,0.014,0.027,-3.946
